run_id	Step	spearman_correlation
AutoML_5424361e-6a03-4289-8b7f-990aaed59567_HD_3	0	-0.15010924315764712
AutoML_5424361e-6a03-4289-8b7f-990aaed59567_HD_3	1	-0.04836458103278084
AutoML_5424361e-6a03-4289-8b7f-990aaed59567_HD_3	2	-0.20840321101707696
AutoML_5424361e-6a03-4289-8b7f-990aaed59567_HD_3	3	-0.13280853766236594
AutoML_5424361e-6a03-4289-8b7f-990aaed59567_HD_3	4	-0.22232769102830038
AutoML_5424361e-6a03-4289-8b7f-990aaed59567_HD_3	5	0.08972422325039087
AutoML_5424361e-6a03-4289-8b7f-990aaed59567_HD_3	6	0.08988599194908484
AutoML_5424361e-6a03-4289-8b7f-990aaed59567_HD_3	7	0.10239893544583131
AutoML_5424361e-6a03-4289-8b7f-990aaed59567_HD_3	8	0.13284808781746343
AutoML_5424361e-6a03-4289-8b7f-990aaed59567_HD_3	9	0.11432055551079705
AutoML_5424361e-6a03-4289-8b7f-990aaed59567_HD_3	10	-0.0430359604605405
AutoML_5424361e-6a03-4289-8b7f-990aaed59567_HD_3	11	-0.09422249102531019
AutoML_5424361e-6a03-4289-8b7f-990aaed59567_HD_3	12	-0.220192647415623
AutoML_5424361e-6a03-4289-8b7f-990aaed59567_HD_3	13	0.07052157998953199
AutoML_5424361e-6a03-4289-8b7f-990aaed59567_HD_3	14	0.15190961296770972
AutoML_5424361e-6a03-4289-8b7f-990aaed59567_HD_3	15	0.14923627027968367
AutoML_5424361e-6a03-4289-8b7f-990aaed59567_HD_3	16	0.03648738698783201
AutoML_5424361e-6a03-4289-8b7f-990aaed59567_HD_3	17	0.10415378987312936
AutoML_5424361e-6a03-4289-8b7f-990aaed59567_HD_3	18	0.09501644926336841
AutoML_5424361e-6a03-4289-8b7f-990aaed59567_HD_3	19	0.009310927380315035
AutoML_5424361e-6a03-4289-8b7f-990aaed59567_HD_3	20	0.010764896457411003
AutoML_5424361e-6a03-4289-8b7f-990aaed59567_HD_3	21	-0.017599362376325693
AutoML_5424361e-6a03-4289-8b7f-990aaed59567_HD_3	22	0.048838806329945625
AutoML_5424361e-6a03-4289-8b7f-990aaed59567_HD_3	23	0.000645565510532474
AutoML_5424361e-6a03-4289-8b7f-990aaed59567_HD_3	24	0.11094629344345466
AutoML_5424361e-6a03-4289-8b7f-990aaed59567_HD_3	25	0.2755832654479522
AutoML_5424361e-6a03-4289-8b7f-990aaed59567_HD_3	26	-0.06648655722551536
AutoML_5424361e-6a03-4289-8b7f-990aaed59567_HD_3	27	0.15714995912814783
AutoML_5424361e-6a03-4289-8b7f-990aaed59567_HD_3	28	0.04724737192677814
AutoML_5424361e-6a03-4289-8b7f-990aaed59567_HD_3	29	-0.017437897574859446
AutoML_5424361e-6a03-4289-8b7f-990aaed59567_HD_3	30	0.06430509881852449
AutoML_5424361e-6a03-4289-8b7f-990aaed59567_HD_3	31	-0.04606168228577688
AutoML_5424361e-6a03-4289-8b7f-990aaed59567_HD_3	32	0.34937758223212917
AutoML_5424361e-6a03-4289-8b7f-990aaed59567_HD_3	33	0.2901985732464653
AutoML_5424361e-6a03-4289-8b7f-990aaed59567_HD_3	34	-0.0789940202048676
AutoML_5424361e-6a03-4289-8b7f-990aaed59567_HD_3	35	0.035950433131710265
AutoML_5424361e-6a03-4289-8b7f-990aaed59567_HD_3	36	-0.07401721832243766
AutoML_5424361e-6a03-4289-8b7f-990aaed59567_HD_3	37	0.10457493969333062
AutoML_5424361e-6a03-4289-8b7f-990aaed59567_HD_3	38	0.044992826058494716
AutoML_5424361e-6a03-4289-8b7f-990aaed59567_HD_3	39	0.06589347077655196
AutoML_5424361e-6a03-4289-8b7f-990aaed59567_HD_3	40	0.040900105289905474
AutoML_5424361e-6a03-4289-8b7f-990aaed59567_HD_3	41	-0.08718355197450489
AutoML_5424361e-6a03-4289-8b7f-990aaed59567_HD_3	42	0.05306801611562947
AutoML_5424361e-6a03-4289-8b7f-990aaed59567_HD_3	43	0.1677078192408891
AutoML_5424361e-6a03-4289-8b7f-990aaed59567_HD_3	44	-0.06415170819605563
AutoML_5424361e-6a03-4289-8b7f-990aaed59567_HD_3	45	0.03998691563062885
AutoML_5424361e-6a03-4289-8b7f-990aaed59567_HD_3	46	-0.04236803009655177
AutoML_5424361e-6a03-4289-8b7f-990aaed59567_HD_3	47	-0.012410074299471956
AutoML_5424361e-6a03-4289-8b7f-990aaed59567_HD_3	48	0.1488415611763575
AutoML_5424361e-6a03-4289-8b7f-990aaed59567_HD_3	49	0.1304856759616652
AutoML_5424361e-6a03-4289-8b7f-990aaed59567_HD_3	50	0.0094127247563164
AutoML_5424361e-6a03-4289-8b7f-990aaed59567_HD_3	51	0.029530127601862965
AutoML_5424361e-6a03-4289-8b7f-990aaed59567_HD_3	52	0.09454531158576311
AutoML_5424361e-6a03-4289-8b7f-990aaed59567_HD_3	53	-0.03625369954920967
AutoML_5424361e-6a03-4289-8b7f-990aaed59567_HD_3	54	-0.17437581426561183
AutoML_5424361e-6a03-4289-8b7f-990aaed59567_HD_3	55	0.049596900657405504
AutoML_5424361e-6a03-4289-8b7f-990aaed59567_HD_3	56	0.0371079517012126
AutoML_5424361e-6a03-4289-8b7f-990aaed59567_HD_3	57	0.07537245003324934
AutoML_5424361e-6a03-4289-8b7f-990aaed59567_HD_3	58	0.04671596637362444
AutoML_5424361e-6a03-4289-8b7f-990aaed59567_HD_3	59	-0.0016057212957020788
AutoML_5424361e-6a03-4289-8b7f-990aaed59567_HD_3	60	-0.07854701997715371
AutoML_5424361e-6a03-4289-8b7f-990aaed59567_HD_3	61	0.03545178284652319
AutoML_5424361e-6a03-4289-8b7f-990aaed59567_HD_3	62	-0.09423072148605605
AutoML_5424361e-6a03-4289-8b7f-990aaed59567_HD_3	63	0.0021353076799932743
AutoML_5424361e-6a03-4289-8b7f-990aaed59567_HD_3	64	-0.05850022648408063
AutoML_5424361e-6a03-4289-8b7f-990aaed59567_HD_3	65	0.09144725886965333
AutoML_5424361e-6a03-4289-8b7f-990aaed59567_HD_3	66	0.10910659190278019
AutoML_5424361e-6a03-4289-8b7f-990aaed59567_HD_3	67	-0.01658508820496917
AutoML_5424361e-6a03-4289-8b7f-990aaed59567_HD_3	68	-0.04213593146311022